"word1","word2","word3","frequency"
"a","better","person",2
"a","bit","of",7
"a","bite","to",2
"a","book","about",2
"a","book","that",2
"a","bunch","of",5
"a","chance","to",9
"a","child","in",2
"a","couple","of",9
"a","couple","weeks",2
"a","deadline","to",2
"a","degree","in",2
"a","few","days",3
"a","few","hours",5
"a","few","minutes",3
"a","few","months",2
"a","few","more",3
"a","few","of",3
"a","few","times",2
"a","few","weeks",4
"a","few","years",2
"a","fourth","one",2
"a","full","day",2
"a","fulltime","job",2
"a","game","that",2
"a","glass","of",2
"a","good","thing",3
"a","good","way",2
"a","great","day",3
"a","great","game",2
"a","great","job",2
"a","great","time",2
"a","half","years",3
"a","handful","of",2
"a","heck","of",2
"a","hill","with",2
"a","hint","of",2
"a","hole","in",2
"a","huge","fan",2
"a","job","that",2
"a","lack","of",4
"a","letter","to",3
"a","link","to",2
"a","little","bit",3
"a","little","more",2
"a","little","of",2
"a","little","too",2
"a","long","day",2
"a","long","time",3
"a","long","way",2
"a","lot","about",4
"a","lot","easier",2
"a","lot","more",7
"a","lot","of",34
"a","lot","to",3
"a","man","and",2
"a","man","of",2
"a","matter","of",4
"a","member","of",3
"a","month","sentence",2
"a","morning","person",2
"a","new","book",2
"a","new","idea",2
"a","news","conference",2
"a","nigga","like",2
"a","number","of",9
"a","pair","of",2
"a","part","of",6
"a","picture","of",2
"a","piece","of",4
"a","predator","is",2
"a","pretty","good",2
"a","qr","code",2
"a","range","of",2
"a","relationship","with",2
"a","request","for",2
"a","request","from",2
"a","review","of",2
"a","safe","and",2
"a","scheme","to",2
"a","script","by",2
"a","sense","of",4
"a","series","of",5
"a","set","of",3
"a","standing","ovation",2
"a","story","about",2
"a","string","of",2
"a","system","that",2
"a","team","makes",2
"a","time","of",2
"a","time","when",6
"a","title","to",2
"a","ton","of",2
"a","trip","to",3
"a","very","exciting",2
"a","very","good",4
"a","visit","to",2
"a","way","that",2
"a","week","of",2
"a","week","the",2
"a","wide","variety",2
"a","year","ago",2
"a","year","at",2
"a","year","now",2
"ability","to","work",2
"able","to","do",2
"able","to","find",3
"about","a","year",2
"about","all","of",2
"about","it","the",2
"about","many","other",2
"about","more","than",2
"about","ready","to",2
"about","the","elements",2
"about","the","same",3
"about","the","whole",2
"about","what","i",2
"about","you","all",2
"access","to","the",2
"according","to","a",4
"according","to","the",4
"according","to","their",2
"add","it","to",2
"addition","to","the",2
"after","a","few",2
"after","decades","of",2
"after","i","finished",2
"after","talking","to",2
"after","years","of",2
"again","if","you",2
"again","this","week",2
"agree","with","that",2
"ahead","of","the",2
"ahead","of","time",2
"all","about","the",2
"all","have","bad",2
"all","in","all",2
"all","kinds","of",2
"all","last","night",2
"all","of","my",3
"all","of","the",5
"all","of","them",2
"all","of","you",3
"all","over","the",3
"all","the","films",2
"all","the","time",6
"all","the","way",3
"all","we","need",2
"allowed","me","to",2
"also","known","as",3
"also","on","the",2
"also","said","he",2
"also","the","only",2
"although","there","are",2
"always","been","a",2
"always","wanted","to",2
"am","going","to",3
"am","in","my",2
"am","not","a",2
"am","to","pm",4
"am","trying","to",2
"among","other","things",2
"amount","of","money",2
"an","email","from",2
"an","email","to",2
"an","eye","out",2
"an","interest","in",2
"an","interesting","blog",2
"an","opportunity","to",3
"an","undisclosed","amount",2
"and","a","half",6
"and","a","lot",2
"and","a","touchdown",2
"and","a","woman",2
"and","all","the",2
"and","although","i",2
"and","as","a",2
"and","at","the",4
"and","at","times",2
"and","author","of",2
"and","being","a",2
"and","believed","in",2
"and","death","and",2
"and","decided","to",3
"and","did","not",3
"and","easy","to",2
"and","even","though",2
"and","get","a",2
"and","get","it",3
"and","grab","some",2
"and","has","been",2
"and","have","my",2
"and","have","them",2
"and","he","had",2
"and","he","was",4
"and","here","i",3
"and","his","family",2
"and","his","wife",6
"and","human","services",2
"and","i","am",6
"and","i","are",2
"and","i","couldnt",2
"and","i","dont",4
"and","i","got",2
"and","i","had",3
"and","i","have",3
"and","i","hope",2
"and","i","know",2
"and","i","like",2
"and","i","lost",2
"and","i","love",4
"and","i","needed",2
"and","i","plan",2
"and","i","saw",2
"and","i","think",5
"and","i","took",2
"and","i","want",2
"and","i","was",8
"and","i","were",2
"and","i","will",4
"and","if","i",2
"and","if","not",2
"and","if","you",2
"and","ill","be",2
"and","im","going",2
"and","im","not",3
"and","in","a",2
"and","in","the",5
"and","is","a",2
"and","it","doesnt",3
"and","it","was",6
"and","it","worked",2
"and","it","would",2
"and","its","not",2
"and","job","creation",2
"and","looks","at",2
"and","matted","this",2
"and","most","importantly",4
"and","most","of",2
"and","not","the",2
"and","now","i",2
"and","of","course",2
"and","on","the",3
"and","one","of",2
"and","our","city",2
"and","over","again",2
"and","pick","up",2
"and","plenty","of",2
"and","realized","i",2
"and","representatives","of",2
"and","said","he",2
"and","she","just",2
"and","she","was",2
"and","so","on",2
"and","start","training",2
"and","stuff","like",2
"and","such","for",2
"and","thanks","for",5
"and","that","is",2
"and","thats","just",2
"and","thats","the",2
"and","the","crowd",3
"and","the","more",2
"and","the","other",5
"and","the","people",2
"and","the","rest",3
"and","the","slogan",2
"and","then","the",2
"and","there","is",3
"and","there","was",2
"and","they","get",2
"and","they","have",3
"and","those","living",2
"and","tried","to",2
"and","try","to",2
"and","very","proud",2
"and","want","to",2
"and","wanted","to",2
"and","we","all",2
"and","we","have",2
"and","we","miss",2
"and","we","will",2
"and","when","i",2
"and","when","they",2
"and","will","be",2
"and","will","not",2
"and","would","be",2
"and","you","can",2
"and","you","know",3
"another","day","another",2
"anthem","at","the",2
"any","of","the",2
"anyone","else","think",2
"anything","about","it",2
"anything","else","that",2
"appears","to","be",6
"are","a","few",2
"are","a","great",2
"are","due","to",2
"are","going","to",4
"are","in","our",2
"are","in","the",2
"are","just","not",2
"are","on","the",2
"are","some","very",2
"are","starting","to",2
"are","students","with",2
"are","supposed","to",2
"are","the","same",3
"are","trying","to",3
"are","very","welcome",2
"are","when","they",2
"are","you","a",2
"around","the","corner",2
"around","the","office",2
"around","the","world",2
"as","a","gift",2
"as","a","group",3
"as","a","result",4
"as","a","team",4
"as","far","as",4
"as","good","as",2
"as","he","has",2
"as","he","was",2
"as","i","did",2
"as","i","have",2
"as","i","was",4
"as","if","the",2
"as","it","was",3
"as","long","as",6
"as","many","calories",2
"as","much","as",2
"as","one","of",3
"as","opposed","to",2
"as","part","of",7
"as","soon","as",6
"as","the","doctor",2
"as","they","do",2
"as","we","can",2
"as","well","as",6
"as","you","want",2
"ask","for","a",2
"asked","him","to",2
"asking","for","a",2
"at","a","certain",2
"at","a","news",2
"at","a","time",3
"at","am","i",2
"at","his","most",2
"at","home","with",3
"at","it","as",2
"at","it","the",2
"at","least","a",2
"at","least","four",2
"at","least","one",2
"at","least","this",2
"at","least","you",3
"at","my","current",2
"at","my","new",2
"at","one","point",4
"at","one","time",3
"at","pm","with",2
"at","some","point",2
"at","the","end",14
"at","the","event",2
"at","the","hands",2
"at","the","hayward",2
"at","the","moment",4
"at","the","nike",2
"at","the","plate",2
"at","the","same",9
"at","the","site",2
"at","the","time",9
"at","the","top",3
"at","the","university",3
"at","this","point",4
"away","at","the",2
"away","from","home",2
"away","from","the",3
"away","from","those",2
"back","all","of",2
"back","and","forth",2
"back","from","a",2
"back","in","my",2
"back","in","the",4
"back","on","the",2
"back","to","bed",3
"back","to","make",2
"back","to","normal",4
"back","to","the",3
"back","to","their",2
"back","to","work",4
"balance","of","the",2
"based","on","the",2
"be","a","bit",3
"be","a","good",2
"be","a","great",2
"be","a","real",2
"be","able","to",13
"be","as","good",2
"be","closer","to",3
"be","following","everyone",2
"be","held","on",2
"be","in","the",2
"be","made","by",2
"be","one","of",2
"be","released","in",2
"be","sure","to",4
"be","the","only",3
"be","used","in",2
"be","willing","to",2
"be","with","me",2
"because","he","is",2
"because","i","can",2
"because","i","have",2
"because","i","was",2
"because","it","is",2
"because","of","its",2
"because","of","the",4
"because","there","are",2
"because","they","are",2
"because","we","have",2
"becomes","a","part",2
"been","a","great",3
"been","able","to",2
"been","on","here",2
"been","one","of",3
"been","unable","to",2
"before","the","hearing",2
"behalf","of","the",2
"behind","but","thanks",2
"believe","it","is",2
"believes","the","government",2
"best","thing","that",2
"best","use","of",2
"best","way","to",3
"better","hitter","than",2
"bite","to","eat",2
"block","of","south",2
"book","of","life",3
"both","of","us",2
"bout","to","make",2
"brighten","your","day",2
"brother","and","his",2
"but","a","lot",2
"but","at","the",2
"but","because","i",3
"but","by","the",2
"but","for","most",2
"but","he","has",2
"but","he","is",2
"but","he","may",2
"but","i","also",3
"but","i","am",3
"but","i","cant",4
"but","i","do",3
"but","i","dont",2
"but","i","have",4
"but","i","really",2
"but","i","still",2
"but","i","think",5
"but","i","want",2
"but","i","was",3
"but","i","will",3
"but","if","you",4
"but","it","doesnt",3
"but","it","is",2
"but","it","was",4
"but","its","not",2
"but","said","he",2
"but","thats","not",2
"but","they","were",3
"but","was","in",2
"but","you","have",2
"by","the","government",2
"by","the","name",2
"by","the","time",2
"call","it","the",2
"called","for","a",2
"calories","as","airpopped",2
"can","be","a",2
"can","be","an",2
"can","count","on",2
"can","easily","do",2
"can","feel","it",2
"can","get","to",2
"can","god","do",2
"can","never","remember",2
"can","only","hope",2
"can","you","please",2
"cant","do","it",2
"cant","say","it",2
"cant","wait","for",5
"cant","wait","to",15
"cant","wait","until",2
"careful","about","what",2
"cars","and","trucks",2
"cases","should","be",2
"cast","into","the",2
"cause","more","than",2
"center","of","the",3
"cents","per","share",2
"chance","to","make",2
"chance","to","speak",2
"chance","to","win",2
"check","it","out",4
"check","out","my",2
"check","out","the",2
"chief","operating","officer",2
"children","will","be",2
"church","to","do",2
"cinco","de","mayo",4
"city","kansas","missouri",10
"city","officials","and",2
"claimed","to","have",2
"clean","air","legislation",2
"cleric","anwar","alawlaki",2
"cleveland","hopkins","international",2
"come","and","gone",3
"come","back","to",2
"come","in","and",2
"come","to","the",2
"come","up","with",2
"come","with","a",2
"congratulations","on","your",2
"considered","the","most",2
"control","and","prevention",2
"cook","the","rice",2
"cooling","in","the",2
"corner","of","the",2
"could","be","a",2
"could","be","the",2
"could","cause","a",2
"could","have","been",4
"could","not","be",2
"could","not","have",2
"could","use","a",2
"county","jail","in",2
"county","prosecutors","office",2
"county","sheriffs","department",2
"county","sheriffs","office",2
"crazy","but","im",2
"cultural","studies","and",2
"cup","of","coffee",3
"cut","into","pieces",2
"cuz","i","like",2
"dad","went","to",2
"dallas","for","a",2
"damned","if","i",2
"dance","and","drank",2
"date","with","my",2
"day","disabled","list",2
"day","i","say",2
"day","in","the",7
"day","of","the",6
"day","so","far",3
"day","to","all",2
"day","to","get",2
"dead","which","were",2
"deal","with","the",2
"deal","with","you",2
"death","and","hell",2
"decide","not","to",2
"declined","to","comment",3
"department","of","public",2
"depending","on","the",2
"desire","to","be",3
"did","a","little",2
"did","not","end",2
"did","not","have",2
"did","not","know",2
"did","not","say",2
"did","not","want",2
"did","the","trick",2
"did","when","he",2
"did","you","know",3
"didnt","get","a",2
"didnt","have","a",2
"didnt","have","much",2
"didnt","have","the",2
"didnt","know","what",3
"didnt","know","you",2
"didnt","want","to",2
"director","of","the",3
"do","all","the",2
"do","for","the",2
"do","his","job",2
"do","i","get",3
"do","i","know",2
"do","not","want",2
"do","so","many",2
"do","something","about",2
"do","the","best",2
"do","the","things",2
"do","we","get",2
"do","you","have",4
"do","you","think",4
"does","not","matter",2
"doesnt","make","you",2
"doesnt","work","out",2
"dominant","or","submissive",2
"dont","even","know",2
"dont","forget","that",2
"dont","forget","to",2
"dont","have","a",4
"dont","have","the",2
"dont","have","to",3
"dont","know","how",4
"dont","know","if",4
"dont","know","that",2
"dont","know","what",5
"dont","know","where",2
"dont","know","why",2
"dont","listen","to",2
"dont","remember","that",2
"dont","talk","on",2
"dont","want","to",12
"dont","want","you",2
"dont","you","just",2
"doubt","about","it",2
"down","on","a",2
"down","with","the",2
"draw","and","paint",2
"drink","some","water",2
"during","the","game",3
"during","the","meeting",2
"during","the","time",2
"during","the","week",4
"each","of","the",2
"each","of","us",2
"each","other","and",3
"easily","do","without",2
"economic","development","and",2
"encourage","people","to",2
"end","of","may",2
"end","of","my",2
"end","of","the",15
"enjoy","your","weekend",2
"especially","when","its",2
"estimate","million","million",2
"even","if","he",3
"even","if","i",4
"even","if","it",3
"even","if","you",2
"even","make","sense",2
"even","though","the",3
"even","want","to",2
"every","day","and",2
"every","day","i",2
"every","step","of",2
"every","time","i",3
"everyone","in","this",2
"everyone","who","came",2
"everything","in","the",3
"everything","thats","needed",2
"excited","about","the",2
"excited","as","i",2
"excited","to","see",5
"executive","vice","president",2
"eye","out","for",2
"face","of","the",2
"fall","in","love",3
"family","and","friends",2
"few","days","later",2
"few","weeks","ago",3
"figure","out","what",2
"fill","up","on",2
"find","out","the",2
"find","the","time",3
"first","of","all",2
"first","season","as",2
"first","time","i",3
"first","time","since",2
"first","two","weeks",2
"five","loans","totaling",2
"five","years","and",4
"flow","of","information",2
"flying","out","of",2
"focus","on","the",3
"follow","me","follow",2
"follow","me","ill",2
"followed","by","an",2
"following","the","event",2
"for","a","bit",2
"for","a","drink",2
"for","a","few",6
"for","a","fourth",2
"for","a","girl",2
"for","a","job",2
"for","a","little",3
"for","a","long",2
"for","a","lot",2
"for","a","minute",2
"for","a","new",3
"for","a","pinch",2
"for","a","second",3
"for","a","week",2
"for","a","while",9
"for","all","of",2
"for","all","the",2
"for","all","you",2
"for","being","a",2
"for","dealing","with",2
"for","example","that",2
"for","example","the",2
"for","five","years",3
"for","following","me",2
"for","having","the",2
"for","him","i",2
"for","joining","us",2
"for","less","than",3
"for","many","years",3
"for","me","and",4
"for","me","i",2
"for","me","to",5
"for","me","too",2
"for","more","information",2
"for","most","of",3
"for","mothers","day",2
"for","my","family",2
"for","no","reason",2
"for","our","team",2
"for","sale","on",2
"for","some","time",2
"for","stopping","by",2
"for","the","city",2
"for","the","day",3
"for","the","ff",2
"for","the","first",8
"for","the","follow",9
"for","the","great",2
"for","the","house",2
"for","the","job",2
"for","the","mention",3
"for","the","most",2
"for","the","new",2
"for","the","next",4
"for","the","past",3
"for","the","reminder",3
"for","the","rest",4
"for","the","rt",5
"for","the","season",2
"for","the","shout",2
"for","the","simple",2
"for","the","week",3
"for","the","white",2
"for","the","whole",2
"for","them","and",2
"for","this","one",2
"for","those","of",2
"for","two","years",2
"for","up","to",2
"for","what","you",2
"for","yards","and",3
"for","years","and",2
"for","years","i",2
"forward","to","seeing",2
"forward","to","the",2
"found","out","i",2
"four","counts","of",2
"friday","at","the",2
"friday","that","he",2
"friend","who","has",2
"friends","and","family",2
"from","am","to",2
"from","an","early",2
"from","crafters","companion",2
"from","home","for",2
"from","months","ago",2
"from","my","past",2
"from","one","of",2
"from","the","s",3
"from","the","university",2
"from","the","us",2
"from","the","white",2
"from","those","who",3
"front","of","the",4
"fry","rice","in",2
"full","year","of",2
"gave","me","the",3
"get","a","break",2
"get","ahold","of",2
"get","back","to",2
"get","in","touch",2
"get","into","the",2
"get","into","this",2
"get","it","done",2
"get","on","my",2
"get","on","the",4
"get","ready","for",3
"get","rid","of",3
"get","some","of",2
"get","to","read",2
"get","to","see",2
"get","up","and",2
"get","up","to",2
"get","well","soon",2
"gift","from","my",2
"give","it","a",2
"give","them","a",3
"given","the","same",2
"glass","of","wine",2
"glimpse","of","the",2
"go","along","with",2
"go","back","to",8
"go","out","and",4
"go","to","a",3
"go","to","sleep",3
"go","to","the",7
"goals","this","season",2
"god","can","do",2
"going","back","to",2
"going","on","in",2
"going","to","be",20
"going","to","do",5
"going","to","get",5
"going","to","go",3
"going","to","have",3
"going","to","lie",2
"going","to","miss",3
"going","to","prison",2
"going","to","take",2
"good","day","for",2
"good","for","you",2
"good","thing","it",2
"good","way","to",2
"got","to","know",2
"government","ought","to",3
"government","was","something",2
"grab","a","bite",2
"great","theatre","can",2
"great","to","see",2
"greater","than","the",2
"guess","what","i",3
"had","a","great",3
"had","made","a",2
"had","to","be",2
"had","to","go",3
"had","to","make",3
"had","to","take",2
"half","of","the",4
"hanging","out","with",2
"happened","to","you",2
"happy","mothers","day",4
"happy","to","be",2
"happy","to","have",2
"happy","when","i",2
"hard","for","me",2
"hard","to","see",2
"has","a","lot",2
"has","a","new",2
"has","also","been",2
"has","been","a",3
"has","been","the",2
"has","grown","so",2
"has","never","been",3
"has","no","authority",2
"has","not","been",2
"has","to","be",2
"has","twice","as",2
"have","a","few",2
"have","a","great",2
"have","a","lot",2
"have","a","number",2
"have","a","serious",2
"have","a","very",3
"have","been","following",2
"have","been","one",2
"have","been","the",4
"have","complained","that",2
"have","had","for",2
"have","never","been",2
"have","no","idea",3
"have","no","way",2
"have","nothing","to",2
"have","one","of",2
"have","so","many",2
"have","so","much",2
"have","time","for",2
"have","time","to",2
"have","to","be",9
"have","to","do",4
"have","to","go",2
"have","to","have",2
"have","to","keep",2
"have","to","pay",2
"have","to","play",2
"have","to","say",2
"have","to","wait",2
"have","to","work",5
"have","too","many",2
"have","you","heard",2
"havent","you","read",2
"having","a","great",2
"having","the","worst",2
"he","and","his",3
"he","came","up",2
"he","could","not",2
"he","did","not",3
"he","had","a",5
"he","had","been",2
"he","had","to",3
"he","has","a",4
"he","has","been",4
"he","has","made",2
"he","is","also",2
"he","is","in",2
"he","is","not",4
"he","likes","to",2
"he","looks","like",2
"he","needs","to",2
"he","pulled","the",2
"he","said","adding",2
"he","said","everyone",2
"he","said","he",3
"he","said","the",5
"he","says","i",2
"he","talked","about",2
"he","was","a",3
"he","was","at",2
"he","was","going",2
"he","was","happy",2
"he","was","the",3
"head","of","a",2
"headaches","and","migraines",2
"heading","for","a",2
"heard","of","it",2
"heck","of","a",2
"her","for","a",2
"her","out","of",2
"here","are","a",2
"here","are","some",2
"here","is","a",3
"here","is","my",2
"heres","a","hint",2
"him","but","i",2
"him","for","the",2
"him","nay","i",2
"him","to","the",2
"his","first","hit",2
"his","former","boss",2
"his","work","ethic",2
"hold","on","to",2
"hole","in","the",2
"home","for","me",2
"home","from","work",2
"home","with","my",2
"homeland","security","department",2
"hope","you","are",3
"hope","you","found",2
"hoping","that","a",2
"hopkins","international","airport",2
"hours","after","the",2
"how","are","you",5
"how","do","i",2
"how","do","you",4
"how","it","is",3
"how","it","works",2
"how","much","i",3
"how","much","money",2
"how","much","she",2
"how","to","make",5
"how","u","let",2
"hug","kiss","for",2
"huge","fan","of",2
"human","being","that",2
"i","am","a",6
"i","am","also",2
"i","am","always",2
"i","am","finally",2
"i","am","going",2
"i","am","in",4
"i","am","not",4
"i","am","now",3
"i","am","off",2
"i","am","only",2
"i","am","or",2
"i","am","so",4
"i","am","super",3
"i","am","that",2
"i","apologize","for",2
"i","appreciate","the",2
"i","asked","him",2
"i","can","never",2
"i","can","see",3
"i","cant","believe",3
"i","cant","find",2
"i","cant","see",2
"i","cant","stand",2
"i","cant","wait",7
"i","could","go",2
"i","could","have",5
"i","could","use",2
"i","decided","to",2
"i","did","a",2
"i","did","not",8
"i","did","this",2
"i","didnt","do",2
"i","didnt","even",3
"i","didnt","get",3
"i","didnt","have",3
"i","didnt","know",7
"i","didnt","want",3
"i","dont","believe",2
"i","dont","even",3
"i","dont","know",18
"i","dont","like",4
"i","dont","mean",2
"i","dont","really",4
"i","dont","so",2
"i","dont","think",4
"i","dont","use",2
"i","dont","want",13
"i","dropped","the",2
"i","feel","better",2
"i","feel","like",11
"i","feel","the",2
"i","find","out",3
"i","find","that",3
"i","finished","the",3
"i","get","a",2
"i","get","home",2
"i","get","the",2
"i","get","to",2
"i","got","a",2
"i","got","home",2
"i","got","the",4
"i","got","to",2
"i","guess","i",2
"i","had","a",6
"i","had","been",2
"i","had","never",3
"i","had","no",2
"i","had","to",7
"i","hate","the",3
"i","hate","when",3
"i","hate","you",2
"i","have","a",14
"i","have","an",2
"i","have","been",4
"i","have","ever",2
"i","have","had",2
"i","have","in",2
"i","have","more",2
"i","have","no",3
"i","have","not",2
"i","have","nothing",2
"i","have","so",2
"i","have","some",4
"i","have","the",2
"i","have","to",8
"i","have","tried",2
"i","havent","been",2
"i","havent","seen",2
"i","heard","the",2
"i","hope","u",2
"i","hope","we",2
"i","hope","you",5
"i","just","did",3
"i","just","had",2
"i","just","saw",3
"i","just","want",3
"i","just","wanted",2
"i","know","i",2
"i","know","im",3
"i","know","it",2
"i","know","its",4
"i","know","that",5
"i","know","this",3
"i","know","what",3
"i","like","it",2
"i","like","that",2
"i","like","to",2
"i","love","it",6
"i","love","that",6
"i","love","the",5
"i","love","to",2
"i","love","you",6
"i","love","your",3
"i","made","my",2
"i","make","is",2
"i","may","have",3
"i","might","be",2
"i","miss","the",2
"i","miss","you",5
"i","must","say",2
"i","need","some",2
"i","need","to",8
"i","needed","to",2
"i","noticed","the",2
"i","opted","for",2
"i","personally","believe",2
"i","plan","on",2
"i","plan","to",3
"i","pray","that",2
"i","put","a",2
"i","put","my",2
"i","realized","that",2
"i","really","am",2
"i","really","dont",2
"i","really","feel",2
"i","really","really",2
"i","refuse","to",2
"i","remember","you",2
"i","saw","a",2
"i","saw","it",2
"i","saw","the",2
"i","say","the",2
"i","see","what",2
"i","see","you",3
"i","send","you",2
"i","still","have",2
"i","still","need",3
"i","swear","to",2
"i","think","he",2
"i","think","i",5
"i","think","ill",2
"i","think","im",2
"i","think","its",7
"i","think","my",2
"i","think","of",3
"i","think","that",8
"i","think","they",3
"i","think","this",4
"i","think","we",2
"i","thought","i",2
"i","thought","it",2
"i","thought","to",2
"i","told","her",4
"i","took","a",2
"i","took","out",2
"i","tried","to",5
"i","try","to",2
"i","understand","that",2
"i","used","to",4
"i","wanna","go",2
"i","want","a",4
"i","want","it",2
"i","want","to",25
"i","wanted","to",8
"i","was","a",8
"i","was","about",2
"i","was","all",3
"i","was","at",3
"i","was","following",2
"i","was","going",3
"i","was","looking",2
"i","was","on",2
"i","was","so",3
"i","was","taught",3
"i","was","very",2
"i","was","wrong",3
"i","wasnt","expecting",2
"i","wasnt","going",2
"i","went","back",2
"i","went","to",3
"i","will","be",6
"i","will","miss",2
"i","wish","i",2
"i","woke","up",4
"i","worked","in",3
"i","would","do",2
"i","would","have",6
"i","would","like",3
"i","would","love",4
"i","would","rather",2
"id","like","to",5
"idea","is","that",2
"if","i","am",2
"if","i","could",2
"if","i","had",3
"if","i","have",5
"if","im","not",2
"if","it","is",4
"if","it","wasnt",2
"if","its","a",2
"if","people","are",2
"if","so","you",2
"if","that","was",2
"if","they","were",4
"if","we","can",3
"if","we","didnt",2
"if","we","dont",2
"if","you","are",2
"if","you","dont",2
"if","you","ever",2
"if","you","follow",2
"if","you","get",3
"if","you","had",2
"if","you","have",7
"if","you","look",2
"if","you","really",2
"if","you","want",3
"il","pm","to",3
"ill","check","it",2
"ill","tell","you",2
"im","at","the",2
"im","bout","to",2
"im","going","to",19
"im","in","the",2
"im","not","a",4
"im","not","even",2
"im","not","sure",5
"im","probably","going",2
"im","so","excited",2
"im","so","glad",2
"im","trying","to",2
"impact","on","the",2
"in","a","conversation",2
"in","a","few",5
"in","a","long",2
"in","a","matter",2
"in","a","minute",3
"in","a","relationship",2
"in","a","review",2
"in","a","row",2
"in","a","statement",2
"in","a","time",3
"in","a","way",3
"in","a","while",3
"in","addition","to",5
"in","and","is",2
"in","and","say",2
"in","as","a",2
"in","at","the",3
"in","case","you",2
"in","central","florida",2
"in","different","ways",2
"in","each","of",2
"in","fact","im",2
"in","front","of",7
"in","helping","women",2
"in","his","s",2
"in","hopes","of",2
"in","it","and",2
"in","lieu","of",3
"in","london","and",2
"in","los","angeles",2
"in","love","with",5
"in","my","head",3
"in","my","life",5
"in","my","mind",3
"in","my","pocket",2
"in","my","time",2
"in","need","of",3
"in","new","york",4
"in","order","to",9
"in","our","community",2
"in","our","heads",2
"in","part","by",2
"in","prison","for",2
"in","recent","days",2
"in","recent","years",3
"in","regards","to",2
"in","san","diego",3
"in","san","francisco",3
"in","scoring","position",2
"in","so","many",2
"in","spite","of",2
"in","st","louis",2
"in","terms","of",3
"in","the","above",2
"in","the","air",3
"in","the","am",2
"in","the","backyard",2
"in","the","beginning",2
"in","the","big",2
"in","the","block",2
"in","the","body",2
"in","the","bottom",3
"in","the","bronx",2
"in","the","city",6
"in","the","class",2
"in","the","country",2
"in","the","county",2
"in","the","crowd",3
"in","the","day",2
"in","the","eye",2
"in","the","face",2
"in","the","fifth",2
"in","the","first",9
"in","the","form",2
"in","the","fourth",8
"in","the","freezer",2
"in","the","front",2
"in","the","future",2
"in","the","house",2
"in","the","ipl",2
"in","the","last",5
"in","the","late",4
"in","the","latest",2
"in","the","lead",2
"in","the","loss",2
"in","the","meter",2
"in","the","middle",8
"in","the","mood",3
"in","the","morning",6
"in","the","nation",2
"in","the","nba",2
"in","the","neighborhood",2
"in","the","next",3
"in","the","office",2
"in","the","past",4
"in","the","process",2
"in","the","rain",2
"in","the","region",2
"in","the","restaurant",2
"in","the","s",6
"in","the","same",4
"in","the","school",3
"in","the","second",2
"in","the","series",2
"in","the","sky",3
"in","the","state",4
"in","the","third",4
"in","the","top",5
"in","the","universe",2
"in","the","us",5
"in","the","very",2
"in","the","world",10
"in","the","worst",2
"in","the","year",2
"in","them","and",2
"in","this","big",2
"in","this","case",2
"in","this","city",2
"in","three","games",2
"in","three","seasons",2
"in","which","he",2
"in","which","it",2
"in","your","heart",3
"in","your","love",2
"in","your","own",2
"inherit","the","kingdom",2
"into","one","of",2
"into","the","building",2
"into","the","lake",2
"into","the","s",2
"into","the","same",2
"into","your","life",2
"introduction","to","the",2
"is","a","good",6
"is","a","great",6
"is","a","lot",4
"is","a","set",3
"is","a","very",5
"is","also","the",2
"is","an","interesting",3
"is","better","than",5
"is","coming","up",2
"is","covered","in",2
"is","crucial","to",2
"is","going","on",2
"is","going","to",6
"is","greater","than",2
"is","how","you",2
"is","in","the",2
"is","it","that",2
"is","just","an",2
"is","kind","of",2
"is","less","than",2
"is","like","a",2
"is","looking","to",2
"is","most","important",2
"is","my","last",2
"is","no","doubt",2
"is","not","a",8
"is","not","that",3
"is","not","the",5
"is","not","to",3
"is","now","on",2
"is","on","that",2
"is","on","the",3
"is","one","of",9
"is","only","one",2
"is","part","of",3
"is","picking","up",2
"is","right","now",2
"is","supposed","to",4
"is","that","the",4
"is","the","best",4
"is","the","case",2
"is","the","closest",2
"is","the","first",4
"is","the","knowledge",2
"is","the","last",2
"is","the","one",2
"is","the","way",2
"is","the","worst",2
"is","to","be",4
"is","trying","to",2
"is","what","do",2
"is","what","i",2
"is","what","im",2
"is","what","the",2
"is","why","i",4
"is","working","on",2
"it","a","try",2
"it","all","the",2
"it","becomes","a",2
"it","but","i",2
"it","but","that",2
"it","comes","to",6
"it","did","not",2
"it","does","not",3
"it","doesnt","take",2
"it","even","if",2
"it","feels","like",3
"it","funny","when",2
"it","had","been",2
"it","had","the",2
"it","hard","to",2
"it","has","a",3
"it","he","said",2
"it","in","a",2
"it","in","the",4
"it","in","your",3
"it","is","a",7
"it","is","added",2
"it","is","also",2
"it","is","an",2
"it","is","his",2
"it","is","so",2
"it","is","still",2
"it","is","the",6
"it","it","was",3
"it","makes","me",3
"it","may","be",2
"it","means","to",2
"it","might","be",2
"it","on","a",2
"it","on","the",5
"it","on","your",2
"it","out","of",2
"it","over","and",2
"it","should","be",5
"it","so","much",2
"it","takes","to",3
"it","that","we",2
"it","to","be",3
"it","to","the",5
"it","was","a",10
"it","was","also",2
"it","was","an",2
"it","was","just",2
"it","was","like",2
"it","was","pretty",3
"it","was","so",2
"it","was","still",2
"it","was","the",3
"it","was","to",2
"it","was","very",2
"it","when","i",2
"it","will","be",12
"it","will","have",2
"it","would","be",10
"it","would","help",2
"its","a","pretty",3
"its","been","a",4
"its","dust","jacket",2
"its","easy","to",2
"its","funny","how",2
"its","going","to",5
"its","great","to",2
"its","hard","to",3
"its","just","a",3
"its","kind","of",2
"its","more","than",2
"its","my","birthday",2
"its","nice","to",2
"its","not","as",3
"its","not","just",2
"its","not","me",2
"its","still","in",2
"its","time","for",2
"its","time","to",4
"its","use","of",2
"ive","been","working",2
"ive","ever","seen",2
"ive","got","a",2
"ive","had","a",3
"jeans","in","the",2
"just","a","little",2
"just","found","out",3
"just","had","a",2
"just","have","to",3
"just","in","time",2
"just","look","at",2
"just","need","to",4
"just","of","passes",2
"just","the","tip",2
"just","trying","to",3
"just","wanna","make",2
"just","want","to",4
"just","wanted","to",2
"kansas","missouri","news",10
"kates","abcs","cartridge",2
"keep","all","of",2
"keep","up","the",2
"key","to","the",2
"kind","of","a",3
"kind","of","like",2
"kingdom","of","god",2
"kiss","for","me",2
"knew","i","wanted",2
"knock","it","off",2
"know","how","many",2
"know","how","the",2
"know","how","to",3
"know","im","going",2
"know","that","for",2
"know","that","it",2
"know","that","the",2
"know","what","is",2
"know","what","the",4
"know","what","they",3
"know","what","to",4
"know","what","you",3
"known","as","the",3
"lake","of","fire",2
"lake","saint","louis",2
"last","day","of",3
"last","few","days",2
"last","night","i",3
"last","night","in",2
"last","night","was",3
"last","season","was",2
"late","in","the",2
"late","th","century",2
"later","in","the",3
"lead","in","the",2
"leading","to","a",2
"learn","from","the",2
"learning","from","experience",2
"left","on","the",2
"leidseplein","and","rembrandtplein",2
"less","likely","to",2
"less","than","a",6
"let","go","of",3
"let","me","know",7
"let","me","say",2
"let","us","know",2
"lets","do","this",2
"lets","get","it",2
"letter","to","the",2
"lieu","of","bail",2
"life","and","the",2
"light","of","the",2
"like","a","good",3
"like","a","man",2
"like","him","but",2
"like","last","night",2
"like","the","one",3
"like","to","do",2
"like","to","have",3
"like","to","see",3
"likely","to","try",2
"listen","to","the",2
"listening","to","some",2
"listening","to","the",2
"lives","a","lot",2
"located","in","the",2
"long","as","you",3
"look","at","it",3
"look","at","the",5
"look","forward","to",3
"looking","for","a",4
"looking","for","the",2
"looking","forward","to",8
"lord","of","the",2
"lot","about","how",2
"lot","of","people",4
"lot","of","things",2
"lot","of","time",2
"love","it","when",3
"love","that","song",2
"love","that","the",3
"love","to","have",2
"love","to","you",2
"love","with","a",2
"loves","you","and",2
"made","by","being",2
"made","my","day",3
"made","one","of",2
"made","out","of",2
"make","ends","meet",2
"make","it","happen",2
"make","me","feel",3
"make","sure","that",3
"make","sure","the",2
"make","that","a",2
"make","the","best",2
"make","up","for",2
"make","you","different",2
"makes","me","feel",3
"makes","me","think",2
"man","and","a",2
"man","to","man",2
"many","calories","as",2
"many","more","people",2
"many","of","the",2
"many","people","who",2
"many","years","ago",2
"matted","this","onto",2
"matter","how","good",2
"may","be","a",2
"may","be","more",2
"may","i","send",2
"may","want","to",2
"maybe","we","should",3
"mayor","cory","booker",2
"me","a","script",2
"me","and","i",3
"me","at","least",2
"me","but","i",3
"me","feel","like",2
"me","follow","me",2
"me","how","to",2
"me","in","the",2
"me","know","if",3
"me","to","go",3
"meant","to","be",4
"member","of","the",3
"members","of","the",4
"met","with","the",2
"metal","of","choice",2
"mg","of","oleuropein",2
"middle","of","the",3
"might","as","well",2
"might","be","a",2
"miles","away","with",2
"million","from","the",2
"miss","out","on",2
"miss","you","so",2
"missouri","news","televison",10
"mommies","out","there",2
"month","we","had",2
"more","and","more",3
"more","effective","than",2
"more","likely","to",3
"more","not","less",2
"more","than","just",3
"more","than","million",4
"more","than","one",2
"more","than","percent",2
"most","of","the",10
"most","of","us",3
"mother","texted","me",2
"mothers","day","to",2
"moving","from","the",2
"much","more","to",3
"much","of","the",5
"much","on","the",2
"must","have","been",2
"my","brother","and",2
"my","desire","to",2
"my","favorite","song",2
"my","heart","and",2
"my","heart","was",2
"my","heart","with",2
"my","high","school",2
"my","life","has",2
"my","life","i",3
"my","name","is",3
"my","work","is",2
"name","for","a",2
"national","anthem","at",2
"nay","i","dont",4
"nearly","a","decade",2
"nearly","million","in",2
"need","for","a",4
"need","of","a",2
"need","someone","to",2
"need","to","be",3
"need","to","do",4
"need","to","get",2
"need","to","make",2
"need","to","remember",2
"needless","to","say",3
"needs","to","be",4
"nervous","about","the",2
"never","heard","of",2
"never","remember","to",2
"new","year","to",2
"new","years","eve",2
"new","york","city",2
"new","york","times",3
"news","televison","and",4
"news","televison","of",2
"next","day","and",2
"next","to","the",3
"nice","to","see",3
"nigga","like","me",2
"night","in","the",2
"no","authority","to",2
"no","doubt","about",2
"no","idea","what",2
"no","indication","of",2
"no","matter","how",3
"no","matter","what",2
"no","need","to",3
"no","one","can",2
"no","one","else",3
"no","one","is",2
"no","one","will",2
"no","reason","for",2
"no","thats","not",3
"no","way","of",2
"nonprofit","organization","that",2
"not","a","doctor",2
"not","a","problem",2
"not","be","a",2
"not","everything","we",2
"not","going","to",4
"not","have","to",2
"not","in","the",2
"not","know","that",2
"not","know","what",2
"not","matter","how",2
"not","sure","how",2
"not","sure","why",2
"not","to","say",2
"not","want","to",5
"now","have","the",2
"now","i","am",2
"now","i","have",2
"now","its","about",2
"now","its","just",2
"now","its","time",2
"now","on","the",3
"odds","of","a",2
"of","a","better",2
"of","a","couple",2
"of","a","kind",2
"of","a","lot",2
"of","a","story",2
"of","a","team",2
"of","a","young",2
"of","all","the",4
"of","course","i",3
"of","course","it",2
"of","each","other",2
"of","from","the",2
"of","her","own",2
"of","how","far",2
"of","it","with",2
"of","my","favorite",2
"of","my","life",3
"of","one","of",2
"of","our","very",2
"of","public","safety",2
"of","the","best",4
"of","the","big",2
"of","the","biggest",2
"of","the","college",2
"of","the","comments",2
"of","the","community",2
"of","the","company",2
"of","the","country",2
"of","the","day",10
"of","the","early",3
"of","the","evening",2
"of","the","family",2
"of","the","few",2
"of","the","game",4
"of","the","great",2
"of","the","house",2
"of","the","jefferson",2
"of","the","lambs",2
"of","the","main",2
"of","the","many",2
"of","the","money",2
"of","the","month",2
"of","the","most",6
"of","the","movies",2
"of","the","music",2
"of","the","national",5
"of","the","nations",3
"of","the","new",6
"of","the","night",5
"of","the","old",2
"of","the","original",2
"of","the","other",2
"of","the","past",2
"of","the","population",2
"of","the","products",2
"of","the","reasons",2
"of","the","same",2
"of","the","season",6
"of","the","second",2
"of","the","shows",2
"of","the","state",5
"of","the","th",2
"of","the","things",2
"of","the","time",4
"of","the","two",2
"of","the","united",2
"of","the","way",3
"of","the","week",2
"of","the","world",5
"of","the","year",10
"of","their","lives",2
"of","things","and",2
"of","this","world",2
"of","those","days",2
"of","us","and",2
"of","us","have",2
"of","us","is",2
"of","view","that",2
"of","what","i",2
"of","what","it",2
"off","for","a",2
"off","the","face",2
"off","the","field",2
"off","the","hook",2
"off","the","wall",2
"officials","said","the",3
"oh","man","i",2
"oh","my","god",2
"old","and","new",2
"on","behalf","of",3
"on","each","other",2
"on","friday","night",2
"on","friday","that",2
"on","here","in",2
"on","his","way",2
"on","how","to",2
"on","my","list",2
"on","my","phone",3
"on","such","a",2
"on","the","bridge",3
"on","the","city",2
"on","the","court",3
"on","the","day",3
"on","the","job",2
"on","the","list",4
"on","the","market",2
"on","the","other",6
"on","the","phone",4
"on","the","radio",2
"on","the","right",4
"on","the","road",2
"on","the","roads",2
"on","the","runway",2
"on","the","small",2
"on","the","states",2
"on","the","verge",3
"on","the","way",3
"on","the","web",2
"on","the","weekends",2
"on","the","whole",2
"on","their","own",5
"on","to","the",2
"on","top","of",5
"on","your","phone",2
"once","they","get",2
"one","day","in",2
"one","intelligent","person",2
"one","of","a",6
"one","of","his",2
"one","of","my",7
"one","of","the",39
"one","of","them",2
"one","of","those",4
"one","of","us",3
"one","way","to",2
"one","week","and",3
"one","who","can",2
"only","a","few",2
"only","one","week",2
"open","to","close",2
"open","to","the",2
"or","at","the",2
"or","better","yet",2
"or","if","they",3
"or","if","we",2
"or","in","the",2
"or","should","i",2
"or","you","can",2
"osama","bin","laden",2
"other","side","of",2
"other","than","that",2
"our","lives","a",2
"our","mark","will",2
"our","old","house",2
"out","and","do",2
"out","but","he",2
"out","in","the",3
"out","of","a",2
"out","of","the",16
"out","of","this",2
"out","of","those",2
"out","of","town",2
"out","on","a",3
"out","on","the",4
"out","on","their",2
"out","there","and",2
"out","with","the",2
"out","you","have",2
"outside","of","the",3
"over","a","year",2
"over","and","above",2
"over","and","over",4
"over","the","next",3
"over","the","past",3
"park","and","to",2
"part","of","a",6
"part","of","that",2
"part","of","the",12
"part","of","their",3
"part","of","your",2
"parts","for","the",2
"parts","of","the",2
"people","are","not",2
"people","have","a",2
"people","in","the",2
"people","take","on",2
"people","to","be",2
"people","up","to",2
"people","who","are",2
"percent","of","the",2
"perfect","opportunity","to",3
"perhaps","i","should",2
"person","per","day",2
"peter","has","also",2
"phillips","said","he",2
"phones","or","tablets",2
"pick","up","the",2
"place","in","the",4
"place","on","the",2
"placed","on","the",2
"play","in","the",2
"play","the","game",2
"please","follow","and",2
"please","follow","me",2
"pleased","with","the",2
"pm","sun","through",2
"pm","to","pm",4
"point","in","my",2
"point","of","the",2
"point","of","view",3
"police","said","the",2
"possibly","one","of",2
"pray","that","my",2
"president","barack","obama",2
"president","of","the",3
"probably","going","to",2
"probably","the","most",2
"problem","in","the",3
"produce","it","up",2
"prosecutors","office","and",2
"proud","of","it",2
"proud","of","my",2
"pull","off","a",2
"put","it","on",2
"put","me","on",2
"radio","and","the",2
"rain","rain","rain",2
"ran","for","office",2
"reacting","to","the",2
"read","it","in",2
"ready","for","a",2
"ready","for","the",2
"ready","for","this",2
"really","have","to",2
"really","really","like",2
"really","want","to",2
"reason","for","the",2
"red","red","red",3
"removed","from","the",4
"report","of","a",2
"researchers","at","the",2
"responded","by","saying",2
"responsible","for","the",2
"rest","of","the",9
"rest","of","this",2
"result","of","a",2
"resulted","in","the",3
"retiring","at","the",2
"right","at","the",3
"right","now","i",2
"right","now","its",4
"rights","to","the",2
"roof","the","roof",2
"run","a","campaign",2
"run","for","the",2
"ryan","said","the",2
"s","and","s",3
"said","adding","that",2
"said","as","he",2
"said","chu","a",2
"said","he","had",2
"said","he","has",2
"said","he","is",2
"said","he","was",9
"said","i","am",2
"said","i","was",2
"said","in","a",3
"said","in","the",2
"said","it","is",3
"said","they","were",2
"said","this","is",3
"salt","lake","city",2
"salvation","army","and",2
"same","number","of",2
"samesex","civil","unions",2
"sat","on","the",2
"say","it","to",2
"say","thanks","to",2
"say","that","i",2
"saying","that","the",2
"says","i","dont",2
"scheme","to","use",2
"schools","in","the",2
"season","with","salt",2
"see","how","they",2
"see","if","i",3
"see","so","many",2
"see","you","at",3
"see","you","in",2
"seemed","to","be",3
"seems","to","be",2
"sent","me","a",2
"serve","as","a",2
"share","with","your",2
"she","did","not",4
"she","has","a",2
"she","reminds","me",2
"she","said","i",3
"she","would","be",2
"she","would","have",2
"shit","about","paddy",2
"shortly","before","the",2
"should","be","a",2
"should","be","an",2
"shout","out","to",2
"show","last","night",2
"side","of","my",2
"side","of","the",3
"silence","of","the",2
"simple","fact","that",2
"since","before","the",2
"since","i","had",2
"since","it","is",2
"since","the","s",2
"since","we","were",2
"sleep","at","night",2
"small","businesses","and",2
"so","after","the",2
"so","excited","to",2
"so","fun","to",2
"so","glad","they",2
"so","good","to",3
"so","great","to",3
"so","i","can",2
"so","i","could",4
"so","i","dont",4
"so","i","have",2
"so","if","you",2
"so","im","sure",2
"so","long","in",2
"so","many","things",2
"so","much","fun",2
"so","proud","of",3
"so","that","the",2
"so","there","was",2
"so","this","is",2
"so","we","can",2
"so","we","have",2
"so","we","will",2
"so","you","can",4
"some","are","like",2
"some","money","for",2
"some","of","it",2
"some","of","my",2
"some","of","the",13
"some","of","this",2
"some","of","your",2
"some","really","great",2
"some","sense","of",2
"someone","who","could",2
"something","about","it",2
"something","about","the",2
"something","to","eat",2
"sometimes","i","feel",2
"soon","as","i",2
"sounds","like","a",2
"southern","parts","of",2
"spent","most","of",2
"split","into","two",2
"spot","in","the",2
"st","place","in",2
"standing","in","the",3
"start","of","the",2
"stay","away","from",3
"stay","in","the",2
"stay","tuned","for",2
"stay","with","me",2
"stayed","at","home",2
"step","of","the",2
"still","in","your",2
"still","need","to",2
"students","have","been",2
"stuff","like","that",3
"submissive","postural","stances",2
"such","a","good",2
"such","a","great",3
"such","a","thing",2
"sun","is","shining",2
"sunday","in","the",2
"support","for","the",2
"supposed","to","be",5
"supposed","to","do",2
"supreme","court","justices",2
"supreme","court","ruled",2
"swear","to","god",2
"tacos","al","pastor",2
"take","care","of",4
"take","home","something",2
"take","into","context",2
"take","it","to",2
"takes","a","lot",2
"taking","into","account",2
"talk","on","the",2
"talk","to","me",2
"talk","to","my",2
"talking","about","the",2
"taught","me","how",2
"tell","the","truth",2
"tell","you","how",2
"thais","love","it",2
"than","a","week",2
"than","i","thought",2
"than","i","was",2
"than","that","i",2
"thank","you","and",2
"thank","you","for",7
"thank","you","sir",2
"thankfulness","is","the",2
"thanks","for","being",2
"thanks","for","following",6
"thanks","for","stopping",2
"thanks","for","the",38
"thanks","so","much",2
"thanks","to","the",3
"that","and","i",2
"that","but","i",2
"that","he","had",3
"that","he","is",2
"that","he","should",2
"that","he","was",4
"that","i","am",6
"that","i","dont",3
"that","i","feel",2
"that","i","got",2
"that","i","have",8
"that","i","really",2
"that","i","think",2
"that","i","want",2
"that","i","was",5
"that","if","it",2
"that","in","the",2
"that","is","a",4
"that","is","all",2
"that","is","amazing",2
"that","is","an",2
"that","is","not",3
"that","is","so",2
"that","it","had",3
"that","it","is",8
"that","it","was",4
"that","it","would",3
"that","its","hard",2
"that","its","not",2
"that","keeps","you",2
"that","kind","of",3
"that","make","me",3
"that","makes","me",3
"that","may","be",2
"that","much","work",2
"that","my","words",2
"that","she","wanted",2
"that","song","and",2
"that","the","city",2
"that","the","company",2
"that","there","are",2
"that","there","is",4
"that","they","are",5
"that","they","will",3
"that","this","is",2
"that","to","me",2
"that","was","a",3
"that","was","the",3
"that","we","can",3
"that","we","had",2
"that","what","i",2
"that","when","a",2
"that","when","i",3
"that","will","be",4
"that","would","be",3
"that","would","have",2
"that","you","are",3
"that","you","will",2
"that","you","wont",2
"that","youd","like",2
"thatd","be","great",2
"thats","just","the",2
"thats","not","a",3
"the","ability","to",2
"the","airport","and",2
"the","al","central",2
"the","american","people",2
"the","amount","of",3
"the","art","of",2
"the","attic","and",2
"the","beetle","can",2
"the","best","decision",2
"the","best","of",2
"the","best","thing",2
"the","best","use",2
"the","best","way",3
"the","bible","and",2
"the","block","of",3
"the","bodhi","tree",3
"the","book","and",2
"the","book","i",2
"the","book","is",2
"the","book","of",3
"the","bridge","deck",2
"the","budget","is",2
"the","buyin","is",2
"the","car","and",2
"the","case","against",3
"the","challenges","of",2
"the","chance","to",4
"the","character","of",2
"the","church","to",3
"the","city","and",3
"the","city","council",3
"the","city","kansas",10
"the","coal","industry",3
"the","collapse","of",2
"the","cost","of",3
"the","country","illegally",2
"the","day","disabled",2
"the","day","i",2
"the","dead","which",2
"the","debt","limit",2
"the","difference","between",6
"the","director","of",2
"the","early","s",3
"the","edge","of",3
"the","electoral","college",2
"the","end","of",21
"the","event","of",2
"the","existence","of",2
"the","extent","that",2
"the","face","of",3
"the","fact","that",7
"the","farmers","market",2
"the","federal","government",2
"the","first","i",2
"the","first","place",3
"the","first","time",11
"the","form","of",2
"the","foundation","of",2
"the","fourth","inning",2
"the","fourth","one",2
"the","fourth","quarter",2
"the","front","door",2
"the","future","of",2
"the","game","of",2
"the","giants","to",2
"the","golden","gate",2
"the","ground","in",2
"the","habit","of",2
"the","hands","of",3
"the","head","of",3
"the","heat","and",2
"the","highway","patrol",2
"the","history","of",3
"the","home","of",2
"the","hours","are",2
"the","house","of",4
"the","ic","bus",3
"the","idea","is",3
"the","idea","of",7
"the","idea","that",3
"the","importance","of",2
"the","key","to",3
"the","kind","of",4
"the","kingdom","of",2
"the","knowledge","that",3
"the","lake","of",2
"the","las","vegas",2
"the","last","day",4
"the","last","few",3
"the","last","minute",2
"the","last","thing",2
"the","last","three",2
"the","last","time",2
"the","last","year",2
"the","late","s",4
"the","lead","and",2
"the","lean","years",2
"the","level","of",2
"the","link","to",2
"the","lives","of",4
"the","look","of",2
"the","market","or",2
"the","metal","of",2
"the","middle","east",2
"the","middle","of",6
"the","moment","its",2
"the","mood","to",2
"the","more","the",2
"the","most","beautiful",3
"the","most","powerful",2
"the","music","i",2
"the","need","for",3
"the","new","jersey",2
"the","new","law",2
"the","new","york",5
"the","next","book",2
"the","next","day",4
"the","next","three",2
"the","next","two",2
"the","next","week",2
"the","next","years",2
"the","nike","meet",2
"the","number","of",2
"the","object","of",2
"the","odds","of",3
"the","old","and",2
"the","one","shown",2
"the","one","we",2
"the","only","one",3
"the","only","thing",3
"the","only","way",2
"the","opportunity","to",4
"the","orange","county",4
"the","other","end",2
"the","other","hand",3
"the","other","is",3
"the","other","side",2
"the","owners","have",2
"the","pain","in",2
"the","past","three",2
"the","past","two",2
"the","pieces","i",2
"the","place","and",2
"the","plant","and",2
"the","point","of",2
"the","power","of",3
"the","president","of",2
"the","quality","of",2
"the","question","is",2
"the","republican","party",2
"the","rest","of",16
"the","result","of",2
"the","rich","and",2
"the","right","thing",2
"the","right","way",3
"the","roof","the",2
"the","room","and",2
"the","s","and",5
"the","same","message",2
"the","same","now",2
"the","same","number",4
"the","same","thing",3
"the","same","time",9
"the","scene","of",2
"the","second","floor",2
"the","shout","out",2
"the","side","of",2
"the","simple","fact",2
"the","size","of",2
"the","st","louis",3
"the","state","of",2
"the","state","to",2
"the","status","of",2
"the","story","is",2
"the","subject","of",3
"the","sun","is",5
"the","supreme","court",2
"the","table","and",2
"the","third","round",2
"the","time","and",2
"the","time","he",2
"the","time","of",3
"the","time","the",2
"the","time","they",2
"the","time","to",3
"the","timing","of",2
"the","top","of",4
"the","tournament","will",2
"the","twins","now",2
"the","union","county",2
"the","united","states",7
"the","university","of",7
"the","use","of",4
"the","value","of",2
"the","verge","of",3
"the","voice","of",2
"the","wall","and",2
"the","way","the",2
"the","way","they",4
"the","way","to",4
"the","week","and",2
"the","west","coast",2
"the","white","house",7
"the","world","cup",2
"the","world","is",2
"the","world","of",3
"the","world","they",2
"the","year","to",3
"their","inability","to",2
"their","own","but",2
"their","works","and",2
"them","in","the",3
"them","on","the",2
"them","to","be",2
"them","to","the",3
"then","went","into",2
"then","what","i",2
"there","are","many",4
"there","are","more",2
"there","are","not",2
"there","are","some",2
"there","are","still",2
"there","for","me",2
"there","is","a",12
"there","is","much",2
"there","is","no",3
"there","is","nothing",2
"there","is","only",2
"there","was","a",5
"there","was","anything",2
"there","was","no",5
"there","were","only",2
"there","will","be",5
"theres","no","doubt",2
"these","are","students",3
"they","are","when",2
"they","didnt","have",2
"they","do","it",2
"they","do","not",3
"they","dont","always",2
"they","dont","really",2
"they","dont","want",2
"they","get","the",2
"they","have","a",2
"they","have","been",3
"they","have","complained",2
"they","hit","the",2
"they","like","to",2
"they","wanted","to",2
"they","were","a",2
"they","were","going",2
"they","will","be",3
"theyre","going","to",4
"things","for","free",2
"things","that","are",2
"things","we","dont",3
"things","we","need",2
"things","you","need",2
"think","about","it",2
"think","about","that",3
"think","about","you",2
"think","im","going",2
"think","its","time",2
"think","of","the",4
"think","this","is",2
"think","you","should",3
"this","album","is",2
"this","city","is",2
"this","is","a",10
"this","is","my",5
"this","is","not",4
"this","is","one",3
"this","is","the",7
"this","is","true",2
"this","is","what",3
"this","is","why",2
"this","kind","of",2
"this","means","i",2
"this","might","be",2
"this","one","for",2
"this","to","say",2
"this","was","a",3
"this","was","the",4
"this","year","as",2
"this","year","in",2
"this","year","is",3
"this","year","the",2
"those","days","where",2
"those","that","are",2
"those","things","that",2
"those","things","we",2
"those","things","which",2
"thought","i","was",3
"thought","to","myself",2
"three","of","the",2
"thursday","night","in",2
"thx","for","the",2
"tickets","to","the",2
"time","at","all",2
"time","for","a",2
"time","for","me",2
"time","of","the",3
"time","they","are",2
"time","to","get",2
"times","in","life",2
"times","in","the",2
"tip","of","the",3
"to","a","new",3
"to","a","point",2
"to","accomplish","before",2
"to","act","like",2
"to","all","of",2
"to","all","the",2
"to","answer","questions",2
"to","ask","how",2
"to","back","the",2
"to","be","a",20
"to","be","able",4
"to","be","an",3
"to","be","careful",2
"to","be","for",2
"to","be","great",2
"to","be","here",2
"to","be","home",3
"to","be","in",4
"to","be","more",3
"to","be","on",2
"to","be","replaced",2
"to","be","successful",2
"to","be","the",6
"to","be","very",2
"to","be","well",2
"to","be","with",2
"to","buy","a",2
"to","catch","a",2
"to","change","in",2
"to","come","to",3
"to","come","up",2
"to","come","with",2
"to","contend","with",2
"to","deal","with",3
"to","develop","a",2
"to","do","a",3
"to","do","is",2
"to","do","next",2
"to","do","so",2
"to","do","some",2
"to","do","something",4
"to","do","that",2
"to","do","the",8
"to","do","this",5
"to","do","to",3
"to","do","with",5
"to","each","other",2
"to","eat","lol",2
"to","embrace","the",2
"to","end","the",3
"to","ensure","that",2
"to","everyone","who",2
"to","figure","out",2
"to","find","a",3
"to","find","it",2
"to","find","out",2
"to","find","that",3
"to","get","a",3
"to","get","back",2
"to","get","better",2
"to","get","my",2
"to","get","ready",2
"to","get","rid",2
"to","get","some",3
"to","get","the",5
"to","get","through",2
"to","get","to",5
"to","get","up",4
"to","give","it",3
"to","give","them",3
"to","give","to",2
"to","go","along",2
"to","go","and",3
"to","go","back",3
"to","go","into",3
"to","go","no",2
"to","go","out",4
"to","go","the",3
"to","go","to",8
"to","god","i",2
"to","grab","a",3
"to","have","a",4
"to","have","been",2
"to","have","it",2
"to","have","some",2
"to","have","the",4
"to","have","to",4
"to","have","you",3
"to","help","me",3
"to","her","for",2
"to","her","that",2
"to","invest","the",2
"to","jump","from",2
"to","keep","the",2
"to","keep","them",2
"to","know","how",3
"to","know","that",7
"to","know","what",3
"to","know","your",2
"to","launch","a",2
"to","learn","from",2
"to","let","go",4
"to","listen","to",2
"to","look","after",2
"to","look","at",4
"to","make","a",13
"to","make","it",2
"to","make","myself",2
"to","make","sure",6
"to","make","the",5
"to","make","them",2
"to","make","this",2
"to","make","up",3
"to","me","as",2
"to","me","because",2
"to","me","but",2
"to","me","from",2
"to","me","that",2
"to","meet","you",3
"to","miles","away",2
"to","my","apartment",2
"to","my","dad",2
"to","my","day",2
"to","new","york",2
"to","participate","in",2
"to","pay","for",3
"to","people","who",2
"to","play","the",2
"to","protect","his",2
"to","pull","off",2
"to","raise","the",3
"to","reach","the",3
"to","read","this",2
"to","refer","to",2
"to","remember","about",2
"to","remove","the",2
"to","rent","a",2
"to","run","a",2
"to","salt","lake",2
"to","say","anything",2
"to","say","goodbye",2
"to","say","hi",2
"to","say","i",6
"to","say","it",2
"to","say","that",2
"to","see","her",2
"to","see","how",3
"to","see","if",5
"to","see","that",2
"to","see","the",2
"to","see","them",3
"to","see","what",2
"to","see","where",2
"to","see","you",8
"to","sell","the",2
"to","serve","as",2
"to","set","the",2
"to","share","with",2
"to","sit","at",2
"to","soak","the",2
"to","some","beer",2
"to","someone","who",2
"to","start","a",2
"to","start","the",2
"to","stem","the",2
"to","take","a",5
"to","take","care",2
"to","take","my",3
"to","talk","about",3
"to","tell","her",2
"to","the","barn",2
"to","the","bottom",2
"to","the","budget",2
"to","the","city",4
"to","the","community",2
"to","the","extent",2
"to","the","new",2
"to","the","next",3
"to","the","other",2
"to","the","public",5
"to","the","s",2
"to","the","same",2
"to","the","scene",2
"to","the","side",2
"to","the","th",2
"to","the","west",2
"to","the","world",3
"to","their","works",2
"to","think","about",2
"to","those","in",2
"to","try","and",2
"to","try","to",5
"to","understand","that",2
"to","use","and",2
"to","wake","up",3
"to","walk","away",2
"to","watch","the",2
"to","work","in",2
"to","work","on",2
"to","work","with",4
"to","write","a",4
"to","write","about",2
"to","write","down",2
"today","at","pm",2
"today","is","the",2
"today","that","was",2
"told","him","we",2
"told","me","to",3
"told","us","that",2
"too","long","to",2
"too","much","on",2
"took","out","the",2
"top","finishes","in",2
"top","of","a",3
"top","of","my",2
"top","of","the",3
"torn","apart","by",2
"tournament","will","be",2
"tried","to","explain",2
"trip","to","the",2
"triple","in","the",2
"try","to","make",2
"try","to","win",2
"trying","to","be",4
"trying","to","figure",2
"trying","to","get",3
"turned","around","and",2
"twice","as","many",2
"two","and","a",2
"two","of","the",4
"two","of","them",2
"types","of","things",2
"u","let","me",2
"u","want","to",2
"under","the","new",2
"up","a","long",2
"up","and","get",3
"up","and","i",2
"up","and","started",2
"up","at","the",2
"up","for","the",3
"up","from","the",2
"up","in","a",3
"up","in","the",2
"up","into","the",2
"up","on","the",2
"up","the","dead",2
"up","to","miles",2
"up","with","a",2
"up","with","the",2
"us","that","he",2
"use","it","on",2
"use","of","a",2
"use","of","explosives",2
"use","of","the",2
"used","in","the",2
"version","of","the",2
"very","proud","of",3
"vice","president","of",3
"view","of","the",2
"wait","for","the",3
"wait","to","see",4
"wait","to","share",2
"waiting","for","the",2
"waiting","for","you",2
"walks","of","life",2
"want","a","chance",2
"want","to","accomplish",2
"want","to","be",5
"want","to","come",5
"want","to","cut",2
"want","to","deal",3
"want","to","do",3
"want","to","eat",2
"want","to","get",2
"want","to","go",4
"want","to","know",4
"want","to","make",2
"want","to","see",4
"want","to","share",2
"want","to","succeed",2
"want","to","thank",2
"want","to","watch",2
"wanted","to","do",2
"wanted","to","know",3
"was","a","big",2
"was","a","great",2
"was","a","huge",2
"was","able","to",2
"was","at","a",5
"was","at","the",2
"was","being","held",2
"was","going","to",7
"was","he","a",2
"was","in","oregon",2
"was","killed","in",3
"was","looking","for",2
"was","my","favorite",2
"was","off","the",2
"was","on","the",4
"was","one","of",4
"was","out","of",3
"was","placed","on",2
"was","shot","and",2
"was","so","great",2
"was","starting","to",2
"was","such","a",2
"was","the","first",4
"was","the","most",2
"was","the","one",2
"was","willing","to",2
"wasnt","going","to",2
"way","of","knowing",2
"way","through","the",2
"way","to","get",2
"way","to","go",4
"way","too","many",2
"way","you","look",2
"we","all","have",5
"we","all","know",2
"we","are","giving",2
"we","are","going",2
"we","can","do",2
"we","can","make",2
"we","cant","wait",2
"we","didnt","think",2
"we","get","to",3
"we","going","to",2
"we","had","a",4
"we","had","to",3
"we","have","a",5
"we","have","given",2
"we","have","to",8
"we","hit","the",2
"we","just","need",2
"we","like","to",2
"we","love","to",2
"we","need","is",3
"we","need","to",3
"we","see","you",2
"we","still","have",2
"we","talk","about",2
"we","talked","about",2
"we","tend","to",2
"we","thought","we",2
"we","want","to",3
"we","wanted","to",2
"we","went","to",2
"we","will","be",6
"we","will","have",2
"we","work","on",2
"week","and","then",2
"weeks","ago","and",2
"well","at","least",2
"well","for","the",2
"well","i","dont",2
"well","this","is",2
"went","back","to",2
"went","for","with",2
"went","into","the",2
"were","able","to",6
"were","given","the",2
"were","going","to",8
"were","in","the",3
"were","on","the",3
"were","supposed","to",2
"were","taken","to",2
"what","about","the",2
"what","are","the",2
"what","can","god",2
"what","do","i",2
"what","do","you",5
"what","happened","to",2
"what","have","you",2
"what","i","do",2
"what","i","think",2
"what","i","want",3
"what","i","was",3
"what","is","it",3
"what","is","most",2
"what","is","the",3
"what","it","is",2
"what","it","means",2
"what","kind","of",3
"what","the","heck",2
"what","they","get",2
"what","to","do",5
"what","to","expect",2
"what","were","doing",2
"what","you","can",2
"what","you","got",2
"what","you","think",3
"whats","the","best",2
"whats","wrong","with",2
"when","faced","with",3
"when","i","bought",2
"when","i","get",5
"when","i","have",3
"when","i","saw",3
"when","i","was",7
"when","it","comes",7
"when","it","was",2
"when","its","a",2
"when","my","mom",2
"when","the","sun",2
"when","they","do",2
"when","they","dont",2
"when","they","have",2
"when","we","were",2
"when","you","get",2
"when","you","have",2
"when","you","tell",2
"when","you","think",2
"when","you","want",2
"where","are","you",2
"where","i","am",4
"where","she","was",2
"where","you","are",2
"whether","or","not",3
"which","has","been",2
"which","is","also",3
"which","is","not",2
"which","is","the",4
"which","were","in",2
"white","house","in",2
"white","house","officials",2
"who","came","out",2
"who","do","you",2
"who","has","a",3
"who","has","been",2
"who","have","been",2
"who","i","am",2
"who","you","know",3
"why","am","i",3
"why","cant","i",2
"why","do","so",2
"why","dont","you",2
"why","i","love",2
"why","would","you",2
"wide","variety","of",2
"will","be","a",6
"will","be","able",3
"will","be","at",2
"will","be","available",2
"will","be","back",3
"will","be","considered",2
"will","be","fun",2
"will","be","held",2
"will","be","released",2
"will","be","the",2
"will","come","to",2
"will","continue","to",4
"will","end","up",2
"will","focus","on",2
"will","have","a",3
"will","have","to",4
"will","lead","the",2
"will","not","be",2
"will","not","come",2
"will","you","be",2
"wish","i","could",2
"with","a","bang",2
"with","a","bunch",2
"with","a","legal",2
"with","a","new",3
"with","all","the",2
"with","an","opportunity",2
"with","each","script",2
"with","him","to",2
"with","me","for",2
"with","my","family",2
"with","that","he",2
"with","the","best",2
"with","the","book",2
"with","the","government",2
"with","the","idea",2
"with","the","new",3
"with","the","same",2
"with","you","and",2
"with","you","but",2
"without","him","nay",2
"woke","up","and",2
"woke","up","at",2
"women","who","are",2
"won","the","game",2
"work","in","the",3
"work","is","picking",2
"worked","in","the",2
"would","be","a",4
"would","be","awesome",2
"would","be","so",2
"would","be","the",2
"would","be","very",2
"would","have","been",5
"would","have","to",3
"would","like","to",5
"would","love","to",4
"would","not","have",2
"would","you","like",2
"written","in","the",3
"wrote","a","book",2
"wrote","in","a",2
"yards","and","a",2
"year","after","year",3
"year","for","the",2
"years","ago","a",2
"you","and","i",2
"you","are","not",2
"you","are","so",2
"you","can","add",2
"you","can","also",2
"you","can","be",2
"you","can","do",2
"you","can","get",2
"you","can","have",2
"you","can","make",2
"you","can","see",2
"you","can","take",2
"you","cant","get",2
"you","do","for",2
"you","do","not",3
"you","dont","have",5
"you","dont","know",4
"you","dont","want",2
"you","feel","the",2
"you","follow","me",2
"you","following","me",2
"you","for","the",2
"you","forgive","me",2
"you","found","it",2
"you","get","the",2
"you","guys","are",3
"you","had","to",2
"you","have","a",6
"you","have","no",2
"you","have","the",2
"you","have","to",9
"you","have","until",2
"you","how","to",2
"you","in","a",4
"you","in","the",2
"you","just","have",3
"you","know","it",2
"you","look","at",2
"you","may","be",2
"you","more","than",2
"you","name","the",2
"you","need","to",5
"you","really","really",2
"you","scare","me",2
"you","should","be",2
"you","should","try",2
"you","so","much",3
"you","still","have",2
"you","think","about",2
"you","think","you",5
"you","want","to",10
"you","were","wondering",2
"you","will","be",3
"you","will","find",4
"you","will","not",2
"youd","like","to",4
"your","permission","to",2
"youre","going","to",6
